{
  "color": {
    "surface": {
      "surface": {
        "value": {
          "r": 0.06666667014360428,
          "g": 0.06666667014360428,
          "b": 0.062745101749897,
          "a": 1
        },
        "name": "surface/surface"
      },
      "surface-dim": {
        "value": {
          "r": 0,
          "g": 0,
          "b": 0,
          "a": 1
        },
        "name": "surface/surface dim"
      },
      "surface-hover-container": {
        "value": {
          "r": 0.2078431397676468,
          "g": 0.2078431397676468,
          "b": 0.20000000298023224,
          "a": 1
        },
        "name": "surface/surface hover container"
      },
      "surface-active-container": {
        "value": {
          "r": 0.27450981736183167,
          "g": 0.27450981736183167,
          "b": 0.26274511218070984,
          "a": 1
        },
        "name": "surface/surface active container"
      },
      "on-surface": {
        "value": {
          "r": 0.9725490212440491,
          "g": 0.9725490212440491,
          "b": 0.9607843160629272,
          "a": 1
        },
        "name": "surface/on surface"
      },
      "on-surface-variant": {
        "value": {
          "r": 0.8823529481887817,
          "g": 0.8823529481887817,
          "b": 0.8588235378265381,
          "a": 1
        },
        "name": "surface/on surface variant"
      }
    },
    "primary": {
      "primary": {
        "value": {
          "r": 0.9725490212440491,
          "g": 0.9725490212440491,
          "b": 0.9607843160629272,
          "a": 1
        },
        "name": "primary/primary"
      },
      "primary-hover": {
        "value": {
          "r": 0.9411764740943909,
          "g": 0.9411764740943909,
          "b": 0.9215686321258545,
          "a": 1
        },
        "name": "primary/primary hover"
      },
      "primary-active": {
        "value": {
          "r": 0.9176470637321472,
          "g": 0.9176470637321472,
          "b": 0.8941176533699036,
          "a": 1
        },
        "name": "primary/primary active"
      },
      "on-primary": {
        "value": {
          "r": 0,
          "g": 0,
          "b": 0,
          "a": 1
        },
        "name": "primary/on primary"
      },
      "on-primary-variant": {
        "value": {
          "r": 0.27450981736183167,
          "g": 0.27450981736183167,
          "b": 0.26274511218070984,
          "a": 1
        },
        "name": "primary/on primary variant"
      }
    },
    "secondary": {
      "secondary": {
        "value": {
          "r": 0.843137264251709,
          "g": 0.843137264251709,
          "b": 0.8156862854957581,
          "a": 1
        },
        "name": "secondary/secondary"
      },
      "secondary-hover": {
        "value": {
          "r": 0.9176470637321472,
          "g": 0.9176470637321472,
          "b": 0.8941176533699036,
          "a": 1
        },
        "name": "secondary/secondary hover"
      },
      "secondary-active": {
        "value": {
          "r": 0.9411764740943909,
          "g": 0.9411764740943909,
          "b": 0.9215686321258545,
          "a": 1
        },
        "name": "secondary/secondary active"
      },
      "on-secondary": {
        "value": {
          "r": 0,
          "g": 0,
          "b": 0,
          "a": 1
        },
        "name": "secondary/on secondary"
      }
    },
    "highlight": {
      "highlight": {
        "value": {
          "r": 0.8784313797950745,
          "g": 0.41960784792900085,
          "b": 0.9921568632125854,
          "a": 1
        },
        "name": "highlight/highlight"
      },
      "highlight-hover": {
        "value": {
          "r": 0.9254902005195618,
          "g": 0.6313725709915161,
          "b": 0.9960784316062927,
          "a": 1
        },
        "name": "highlight/highlight hover"
      },
      "highlight-active": {
        "value": {
          "r": 0.9607843160629272,
          "g": 0.800000011920929,
          "b": 1,
          "a": 1
        },
        "name": "highlight/highlight active"
      },
      "on-highlight": {
        "value": {
          "r": 0,
          "g": 0,
          "b": 0,
          "a": 1
        },
        "name": "highlight/on highlight"
      }
    },
    "disabled": {
      "disabled": {
        "value": {
          "r": 0.34117648005485535,
          "g": 0.34117648005485535,
          "b": 0.32549020648002625,
          "a": 1
        },
        "name": "disabled/disabled"
      },
      "on-disabled": {
        "value": {
          "r": 0,
          "g": 0,
          "b": 0,
          "a": 1
        },
        "name": "disabled/on disabled"
      }
    },
    "error": {
      "error": {
        "value": {
          "r": 0.9450980424880981,
          "g": 0.48235294222831726,
          "b": 0.3764705955982208,
          "a": 1
        },
        "name": "error/error"
      },
      "error-hover": {
        "value": {
          "r": 0.9764705896377563,
          "g": 0.6941176652908325,
          "b": 0.6823529601097107,
          "a": 1
        },
        "name": "error/error hover"
      },
      "error-active": {
        "value": {
          "r": 0.9882352948188782,
          "g": 0.8196078538894653,
          "b": 0.8156862854957581,
          "a": 1
        },
        "name": "error/error active"
      },
      "on-error": {
        "value": {
          "r": 0,
          "g": 0,
          "b": 0,
          "a": 1
        },
        "name": "error/on error"
      }
    },
    "success": {
      "success": {
        "value": {
          "r": 0.4627451002597809,
          "g": 0.8666666746139526,
          "b": 0.3921568691730499,
          "a": 1
        },
        "name": "success/success"
      },
      "success-hover": {
        "value": {
          "r": 0.6470588445663452,
          "g": 0.9215686321258545,
          "b": 0.6000000238418579,
          "a": 1
        },
        "name": "success/success hover"
      },
      "success-active": {
        "value": {
          "r": 0.7058823704719543,
          "g": 0.9333333373069763,
          "b": 0.6784313917160034,
          "a": 1
        },
        "name": "success/success active"
      },
      "on-success": {
        "value": {
          "r": 0,
          "g": 0,
          "b": 0,
          "a": 1
        },
        "name": "success/on success"
      }
    },
    "warning": {
      "warning": {
        "value": {
          "r": 0.9803921580314636,
          "g": 0.7215686440467834,
          "b": 0.08235294371843338,
          "a": 1
        },
        "name": "warning/warning"
      },
      "warning-hover": {
        "value": {
          "r": 0.9921568632125854,
          "g": 0.843137264251709,
          "b": 0.4470588266849518,
          "a": 1
        },
        "name": "warning/warning hover"
      },
      "warning-active": {
        "value": {
          "r": 1,
          "g": 0.9137254953384399,
          "b": 0.6392157077789307,
          "a": 1
        },
        "name": "warning/warning active"
      },
      "on-warning": {
        "value": {
          "r": 0,
          "g": 0,
          "b": 0,
          "a": 1
        },
        "name": "warning/on warning"
      }
    },
    "line": {
      "line-mid": {
        "value": {
          "r": 0.7490196228027344,
          "g": 0.7490196228027344,
          "b": 0.7215686440467834,
          "a": 0.5
        },
        "name": "line/line mid"
      },
      "line-subtle": {
        "value": {
          "r": 0.7490196228027344,
          "g": 0.7490196228027344,
          "b": 0.7215686440467834,
          "a": 0.20000000298023224
        },
        "name": "line/line subtle"
      },
      "line-strong": {
        "value": {
          "r": 0.9725490212440491,
          "g": 0.9725490212440491,
          "b": 0.9607843160629272,
          "a": 1
        },
        "name": "line/line strong"
      }
    },
    "shadow": {
      "shadow": {
        "value": {
          "r": 0.9725490212440491,
          "g": 0.9725490212440491,